<?xml version='1.0' encoding='utf-8'?>
<!DOCTYPE hibernate-configuration PUBLIC
    "-//Hibernate/Hibernate Configuration DTD//EN"
    "http://hibernate.sourceforge.net/hibernate-configuration-3.0.dtd">

<hibernate-configuration>
	<session-factory>
		<!-- hibernate properties -->
		<property name="hbm2ddl.auto">update</property>
		<property name="dialect">org.hibernate.dialect.MySQL8Dialect</property>
		<property name="hibernate.show_sql">true</property>
		
		<!--  Data Source Properties -->
		<property name="connection.url">jdbc:mysql://localhost:3306/testdb1</property>
		<property name="connection.username">root</property>
		<property name="connection.password">root</property>
		<property name="connection.driver_class">com.mysql.cj.jdbc.Driver</property>
		<!-- hibernate mapping file -->
		<mapping class="org.simplilearn.entities.Emp"/>
	</session-factory>
</hibernate-configuration>